,cloudiness,humidity,lat,lon,name,temperature,wind speed
0,40,93,-42.48,-73.76,Castro,48.2,13.87
1,20,73,-19.55,169.27,Isangel,71.6,11.41
2,75,93,-53.16,-70.91,Punta Arenas,41.0,11.41
3,0,90,-33.59,26.89,Port Alfred,60.01,1.99
4,40,95,-42.88,147.33,Hobart,41.97,9.17
5,0,83,-34.42,19.24,Hermanus,61.0,1.99
6,100,89,11.0,122.67,Dingle,74.44,3.38
7,89,84,-15.19,12.15,Namibe,66.52,8.3
8,0,66,-31.65,116.67,Northam,53.6,6.93
9,0,8,33.6,56.92,Tabas,111.2,6.93
10,0,65,-23.7,133.88,Alice Springs,46.4,8.05
11,100,97,-46.13,167.69,Tuatapere,46.0,1.99
12,100,84,-35.17,173.16,Ahipara,61.84,30.31
13,75,81,69.44,-133.03,Tuktoyaktuk,50.0,5.82
14,0,32,-20.25,-43.81,Praia,78.75,4.7
15,85,50,-20.73,139.49,Mount Isa,57.2,12.75
16,75,74,22.08,-159.32,Kapaa,75.92,16.11
17,27,84,-23.12,-134.97,Rikitea,74.44,13.73
18,78,69,9.67,8.4,Matagami,79.3,4.45
19,0,57,-45.87,-67.48,Comodoro Rivadavia,51.8,10.29
20,90,87,-37.83,140.78,Mount Gambier,48.2,13.87
21,89,68,13.59,-89.83,Acajutla,81.82,2.15
22,75,80,-54.81,-68.31,Ushuaia,42.01,9.17
23,75,83,15.34,74.49,Vaini,77.0,5.82
24,1,65,45.36,-73.48,Saint-Philippe,76.75,9.17
25,40,88,38.52,-28.7,Ribeira Grande,75.2,12.75
26,0,290,-4.58,-81.27,Talara,62.6,20.8
27,35,90,-42.52,172.83,Hanmer Springs,43.48,8.34
28,100,63,-46.43,-67.52,Mar del Plata,45.82,10.09
29,67,65,67.47,78.7,Tazovskiy,49.6,9.44
30,96,64,-23.58,149.07,Bluff,55.72,8.7
31,73,71,62.93,152.39,Seymchan,60.94,3.6
32,0,29,29.03,69.15,Dera Bugti,100.36,19.93
33,20,83,26.35,127.87,Gushikawa,82.72,17.22
34,25,61,3.87,-67.92,Inirida,86.5,3.29
35,98,82,-2.02,147.27,Lorengau,78.94,12.41
36,100,95,58.84,125.49,Nizhniy Kuranakh,61.48,4.25
37,40,69,-0.74,-90.35,Puerto Ayora,73.24,8.05
38,100,82,-11.1,-77.61,Hualmay,62.2,10.76
39,1,64,60.35,102.28,Vanavara,64.54,1.74
40,20,60,47.12,39.32,Donskoy,68.0,6.55
41,75,56,-20.41,57.7,Mahebourg,70.18,6.93
42,90,100,34.64,-120.46,Lompoc,56.41,3.36
43,0,16,-30.97,22.13,Carnarvon,66.52,11.23
44,35,67,64.42,-173.23,Provideniya,57.88,3.15
45,0,16,35.62,-117.67,Ridgecrest,84.36,7.0
46,100,80,72.79,-56.15,Upernavik,45.64,9.13
47,0,49,-38.31,-60.23,Barrow,52.12,4.56
48,0,61,37.17,-99.65,Sitka,80.01,5.99
49,81,91,69.38,178.42,Leningradskiy,40.6,9.33
50,43,4,22.68,-3.98,Taoudenni,117.28,19.98
51,40,93,-21.69,165.68,Moindou,62.6,3.36
52,1,68,19.71,-155.08,Hilo,66.22,6.93
53,8,76,71.0,24.66,Havoysund,48.2,18.34
54,0,50,-22.97,-42.02,Arraial do Cabo,76.08,2.24
55,90,78,-9.67,-35.74,Maceio,77.0,11.41
56,100,93,-21.21,-159.78,Avarua,66.2,3.36
57,1,51,46.84,-105.12,Fallon,80.6,4.7
58,0,77,-33.02,27.91,East London,62.6,6.93
59,96,67,71.64,128.87,Tiksi,45.28,10.6
60,75,41,25.54,-100.95,Ramos Arizpe,76.8,3.22
61,88,90,-1.2,-46.02,Carutapera,79.84,7.52
62,40,61,39.31,-74.98,Port Elizabeth,82.06,5.99
63,0,63,-26.65,15.16,Luderitz,64.4,10.29
64,92,58,67.46,153.71,Srednekolymsk,69.76,8.25
65,0,92,-33.21,138.6,Jamestown,39.88,1.57
66,0,21,44.3,86.03,Shihezi,83.98,9.78
67,45,84,51.94,116.28,Arbagar,59.86,2.66
68,100,79,-46.28,169.85,Kaitangata,50.0,7.0
69,40,95,-42.78,147.06,New Norfolk,41.97,9.17
70,0,63,-33.93,18.42,Cape Town,60.94,8.05
71,100,54,14.68,-86.92,San Cristobal,76.78,7.43
72,40,54,42.65,-73.75,Albany,76.39,6.93
73,75,78,-3.22,40.12,Malindi,78.8,16.11
74,100,76,25.21,64.64,Ormara,82.18,17.56
75,0,83,-17.73,-149.15,Tautira,73.18,5.82
76,75,67,47.66,-52.73,Torbay,60.85,8.05
77,0,78,37.14,-8.45,Lagoa,73.36,11.41
78,88,85,-14.27,50.17,Sambava,67.96,3.56
79,0,12,-23.91,24.95,Khudumelapye,73.36,3.65
80,0,64,-33.64,115.35,Busselton,43.05,16.6
81,0,29,-11.22,33.16,Chama,78.76,6.6
82,100,97,-46.19,168.86,Mataura,46.0,1.99
83,0,76,-28.77,32.06,Richards Bay,71.38,24.7
84,90,94,35.73,140.83,Hasaki,72.23,4.7
85,5,54,77.48,-69.36,Qaanaaq,47.44,11.74
86,65,69,-21.35,165.16,Poya,69.76,2.98
87,89,89,-3.31,129.0,Amahai,78.01,13.09
88,0,15,21.43,39.83,Mecca,101.08,16.28
89,100,79,14.07,98.19,Dawei,82.72,12.21
90,23,62,71.98,102.47,Khatanga,54.64,3.96
91,40,76,63.75,-68.52,Iqaluit,51.4,6.93
92,41,28,15.16,33.13,Wad Rawah,97.48,12.35
93,90,68,55.74,-97.86,Thompson,66.2,2.24
94,1,60,44.96,-89.63,Wausau,73.45,9.17
95,100,96,49.13,-66.49,Sainte-Anne-des-Monts,58.06,3.58
96,40,69,-3.71,-38.6,Vila Velha,82.47,17.22
97,20,51,39.45,22.34,Saint George,84.33,13.87
98,60,82,14.9,-24.5,Sao Filipe,73.54,19.84
99,0,63,64.73,177.51,Anadyr,66.11,4.47
100,18,43,-28.95,153.24,Codrington,50.56,12.75
101,0,42,45.76,106.27,Mandalgovi,71.38,10.18
102,40,59,59.7,30.79,Nikolskoye,57.94,4.47
103,0,63,25.29,51.53,Doha,97.65,11.41
104,100,88,4.42,-7.36,Tabou,74.62,8.25
105,92,87,-33.86,121.89,Esperance,48.2,4.7
106,0,60,-32.59,151.78,Clarence Town,48.87,16.11
107,18,89,68.75,161.3,Cherskiy,43.12,16.13
108,77,93,73.51,80.55,Dikson,33.04,5.53
109,44,91,28.88,112.34,Tianpeng,69.76,3.24
110,92,84,-5.56,-80.82,Sechura,64.72,10.0
111,0,10,-14.66,17.68,Menongue,81.28,5.64
112,90,30,-13.71,-76.2,Pisco,66.58,6.93
113,17,64,5.35,48.53,Hobyo,81.28,30.13
114,0,56,-2.75,-42.83,Barreirinhas,86.86,6.42
115,1,30,39.95,-94.76,Kodiak,83.23,6.93
116,0,73,-16.48,-151.75,Faanui,77.5,6.08
117,90,88,49.78,-74.86,Chapais,64.4,5.82
118,75,93,64.86,-147.8,College,59.76,2.46
119,20,56,49.8,5.54,Leglise,67.23,10.29
120,20,69,28.66,-17.92,Los Llanos de Aridane,73.76,14.99
121,83,70,3.07,172.79,Butaritari,83.44,11.97
122,75,55,12.56,-12.19,Kedougou,89.6,6.93
123,20,54,62.45,-114.38,Yellowknife,55.2,2.24
124,51,47,61.47,64.05,Zelenoborsk,83.62,12.53
125,70,93,62.23,-6.59,Klaksvik,53.6,12.75
126,85,63,71.97,114.09,Saskylakh,54.64,7.85
127,78,59,61.94,76.66,Novoagansk,69.94,3.94
128,0,79,-34.0,24.73,Kruisfontein,58.06,4.27
129,23,85,8.92,-67.43,Calabozo,81.46,6.67
130,20,78,37.8,-25.58,Rabo de Peixe,75.2,14.99
131,0,51,50.56,-96.99,Husavik,75.06,7.0
132,72,96,50.68,156.12,Severo-Kurilsk,43.66,15.26
133,3,71,-16.23,39.91,Angoche,71.02,5.28
134,40,66,65.28,-126.83,Norman Wells,55.4,3.36
135,55,83,-8.93,125.41,Airai,68.5,5.46
136,93,96,69.7,170.27,Pevek,37.54,3.74
137,78,70,4.89,-1.75,Takoradi,80.02,9.89
138,84,66,7.38,8.57,Yaan,84.7,3.29
139,8,79,-9.8,-139.03,Atuona,79.3,12.28
140,75,52,15.09,-87.97,Amapa,90.46,2.82
141,20,62,68.22,-135.01,Aklavik,56.12,6.93
142,20,81,65.61,-37.64,Tasiilaq,42.8,10.29
143,40,70,-3.22,-64.8,Alvaraes,86.0,3.36
144,0,42,-16.17,-69.08,Copacabana,51.04,6.26
145,1,54,39.0,-77.4,Sterling,83.44,6.93
146,34,36,41.42,-6.55,Saldanha,83.8,20.11
147,40,78,33.08,-16.33,Camacha,75.45,13.87
148,11,83,31.15,106.5,Huilong,74.62,2.8
149,90,93,63.44,-20.27,Vestmannaeyjar,55.4,9.17
150,75,319,-3.75,-73.25,Iquitos,42.8,1.12
151,0,68,53.23,78.98,Galbshtadt,68.68,10.29
152,75,86,78.22,15.63,Longyearbyen,41.0,12.75
153,75,45,49.25,-55.06,Lewisporte,68.0,11.41
154,75,93,-45.58,-72.07,Coihaique,39.2,5.82
155,75,93,48.69,43.52,Kalach-na-Donu,62.6,11.18
156,100,83,8.96,38.73,Lebu,61.48,2.86
157,0,26,-31.54,-68.53,San Juan,46.9,2.33
158,100,77,-26.98,-56.83,San Patricio,67.06,3.85
159,20,78,10.66,77.01,Pollachi,78.8,9.17
160,54,94,-7.37,108.54,Banjar,67.96,1.36
161,57,74,-32.37,-54.17,Melo,57.88,5.44
162,100,96,50.29,130.28,Talakan,64.18,4.56
163,0,20,-20.74,116.85,Karratha,68.68,12.26
164,100,88,12.18,125.51,San Policarpo,76.42,7.49
165,90,71,60.72,-135.06,Whitehorse,54.36,2.24
166,100,59,67.55,63.78,Komsomolskiy,65.62,11.3
167,0,4,27.87,-0.29,Adrar,118.4,5.82
168,0,9,31.45,12.98,Mizdah,101.08,14.32
169,0,74,53.32,81.5,Tyumentsevo,66.16,9.8
170,1,54,39.62,-77.74,Vardo,81.37,5.82
171,100,91,53.28,92.4,Yermakovskoye,61.84,1.39
172,75,35,46.46,10.35,Oga,58.84,3.36
173,75,87,-37.25,-73.32,Arauco,53.6,5.82
174,10,72,-34.53,20.04,Bredasdorp,61.7,9.17
175,75,83,5.28,115.24,Victoria,77.41,6.93
176,28,13,20.2,1.01,Tessalit,107.38,18.21
177,97,80,24.8,125.28,Hirara,84.34,22.21
178,1,57,46.98,-95.91,Callaway,77.27,10.29
179,1,48,33.39,-104.52,Roswell,82.98,8.05
180,71,88,60.42,134.54,Ust-Maya,60.76,2.73
181,40,78,43.27,-7.54,Bereda,67.84,5.82
182,40,83,20.71,-105.21,Ixtapa,84.16,4.7
183,40,54,44.1,-70.21,Lewiston,79.14,5.82
184,67,65,70.62,147.9,Chokurdakh,47.08,5.01
185,24,95,50.57,123.73,Alihe,60.4,2.08
186,0,18,-20.46,-66.82,Uyuni,45.46,7.38
187,0,10,-24.83,16.98,Maltahohe,72.64,14.36
188,24,27,42.84,93.51,Hami,82.18,8.25
189,75,68,53.15,24.45,Vawkavysk,64.4,6.71
190,2,64,68.05,39.51,Ostrovnoy,48.88,7.92
191,90,94,17.01,54.1,Salalah,80.6,10.29
192,20,69,34.81,32.42,Emba,80.58,14.99
193,40,58,19.55,-71.08,Mao,88.77,18.34
194,75,56,40.87,20.19,Gramsh,73.4,6.93
195,1,54,38.48,-82.64,Ashland,83.16,3.36
196,5,86,56.76,48.47,Sovetskiy,65.98,6.6
197,100,9,28.22,61.21,Khash,88.3,9.46
198,29,50,-28.65,153.62,Byron Bay,52.9,12.75
199,20,72,23.99,-104.67,Constitucion,66.49,3.36
200,0,76,61.28,108.01,Yerbogachen,60.94,4.38
201,75,93,51.15,-108.75,Eston,69.93,13.87
202,59,80,9.35,42.8,Jijiga,64.9,7.43
203,51,35,39.24,55.52,Gazanjyk,97.3,21.63
204,20,78,20.89,-156.47,Kahului,72.66,12.75
205,0,38,-20.63,-46.0,Ponta do Sol,78.4,1.3
206,72,95,31.44,-87.99,Wagar,74.34,10.27
207,40,69,43.26,-79.87,Hamilton,79.97,14.99
208,40,72,50.04,20.52,Zatoka,66.31,10.29
209,40,78,43.21,-8.69,Carballo,69.82,5.82
210,75,52,51.71,-8.52,Kinsale,69.8,5.82
211,20,93,55.34,-131.65,Ketchikan,59.16,5.82
212,90,88,7.04,134.26,Kloulklubed,78.8,11.41
213,0,53,-16.92,35.26,Nsanje,71.02,6.91
214,87,30,8.99,40.17,Awash,88.84,6.82
215,100,96,51.71,143.23,Katangli,48.52,13.22
216,73,48,65.85,74.49,Pangody,63.1,7.76
217,40,73,-8.65,115.22,Denpasar,77.0,14.99
218,100,88,16.6,95.18,Wakema,78.76,4.76
219,40,77,63.18,14.64,Ostersund,63.97,6.93
220,90,74,16.86,-99.88,Acapulco,82.4,3.36
221,75,56,-20.34,57.76,Bambous Virieux,70.23,6.93
222,1,78,-0.92,100.36,Padang,83.44,11.45
223,100,71,45.34,122.78,Taonan,68.0,1.99
224,75,94,5.88,-10.05,Buchanan,77.0,20.67
225,0,30,45.6,-0.6,Souillac,84.87,10.29
226,0,54,-31.42,-64.5,Villa Carlos Paz,59.47,4.7
227,61,72,-16.84,36.99,Mocuba,67.6,3.51
228,20,69,-6.34,106.1,Karaton,78.84,4.7
229,100,79,71.03,27.85,Mehamn,44.2,7.96
230,83,67,66.77,123.37,Zhigansk,55.0,10.56
231,1,29,37.68,-113.06,Cedar City,78.91,3.36
232,93,40,12.18,6.51,Auki,89.74,8.34
233,0,37,35.3,37.18,Abu Samrah,85.06,21.03
234,67,97,29.04,114.56,Yining,69.22,0.69
235,0,75,27.15,57.07,Minab,93.2,11.41
236,5,65,22.89,-109.91,Cabo San Lucas,83.89,3.36
237,3,77,60.14,-45.24,Nanortalik,45.82,7.4
238,0,16,-9.54,16.35,Malanje,87.22,7.87
239,100,63,23.8,86.21,Baghmara,87.04,4.68
240,0,10,31.27,56.81,Ravar,89.92,6.73
241,40,54,42.08,-72.03,Southbridge,80.6,4.23
242,1,58,36.14,-96.11,Sand Springs,84.87,6.22
243,90,53,48.95,4.24,Saint-Pierre,74.57,11.41
244,100,90,-44.7,169.14,Wanaka,44.01,6.51
245,75,83,46.32,-78.7,Mattawa,69.8,9.17
246,80,96,50.93,84.77,Ust-Kan,51.58,3.8
247,0,68,25.02,37.27,Umm Lajj,88.12,8.5
248,75,70,18.46,-69.3,San Pedro de Macoris,85.17,9.17
249,100,87,66.94,-53.67,Sisimiut,41.5,12.75
250,0,61,-33.73,-70.74,Buin,47.61,3.36
251,58,87,9.35,-65.33,Zaraza,80.92,7.67
252,40,94,21.44,-157.84,Ahuimanu,76.19,10.29
253,57,78,56.17,113.57,Severomuysk,49.78,2.68
254,75,62,-1.76,-48.8,Ipixuna,87.8,6.93
255,90,100,66.15,-65.72,Pangnirtung,46.4,3.36
256,38,53,58.89,41.46,Pechenga,63.28,4.76
257,75,63,50.32,11.92,Hof,64.96,12.75
258,1,51,38.2,-84.87,Frankfort,83.82,6.93
259,23,49,45.72,42.92,Ipatovo,75.7,10.76
260,20,78,37.72,-25.43,Vila Franca do Campo,75.2,14.99
261,75,69,-6.97,-34.84,Cabedelo,82.4,6.93
262,0,52,-30.38,153.1,Sawtell,46.78,8.05
263,90,37,14.3,44.38,Yarim,82.54,7.99
264,83,96,59.36,143.24,Okhotsk,48.34,4.16
265,1,48,39.1,-76.85,Laurel,83.68,4.7
266,40,87,60.55,-151.26,Kenai,55.02,6.6
267,1,16,35.98,-114.83,Boulder City,90.84,9.17
268,40,66,13.22,-59.52,Bathsheba,84.94,19.46
269,20,51,60.91,-46.05,Narsaq,60.8,8.05
270,26,58,46.21,-70.48,Saint-Prosper,75.67,4.0
271,20,69,28.68,-17.76,Santa Cruz de la Palma,73.74,14.99
272,20,56,50.1,-91.92,Sioux Lookout,68.72,8.05
273,40,100,53.05,158.65,Petropavlovsk-Kamchatskiy,46.4,2.39
274,2,68,-23.78,-45.36,Ilhabela,73.9,2.53
275,1,51,35.17,-103.73,Tucumcari,83.37,5.82
276,97,76,4.14,96.13,Meulaboh,83.62,7.52
277,75,83,5.21,-4.42,Jackville,78.8,12.75
278,0,53,47.55,-2.56,Ambon,78.85,10.29
279,75,78,6.84,-72.7,Cerrito,73.4,3.36
280,75,94,33.93,134.5,Katsuura,71.02,3.36
281,5,80,-8.49,140.4,Merauke,76.42,21.36
282,40,66,70.47,-68.59,Clyde River,53.6,12.75
283,30,29,-5.07,32.07,Urambo,83.8,2.95
284,20,72,58.64,6.09,Vikesa,58.8,19.46
285,40,88,42.77,-9.06,Muros,71.13,6.93
286,0,37,-17.07,-41.48,Padre Paraiso,79.12,3.38
287,90,93,-34.68,-56.22,Progreso,51.28,6.93
288,100,90,-45.19,169.32,Clyde,44.01,4.16
289,75,56,41.28,20.71,Poum,73.4,6.93
290,60,76,10.57,72.64,Kavaratti,83.44,11.92
291,82,57,-2.72,30.63,Rulenge,71.92,5.86
292,90,58,65.73,150.89,Zyryanka,67.24,2.26
293,2,16,18.69,12.92,Bilma,102.16,4.94
294,0,73,26.54,-77.06,Marsh Harbour,83.8,8.68
295,0,60,61.25,73.4,Surgut,75.2,2.24
296,20,27,13.83,20.83,Abeche,96.8,13.87
297,88,59,56.71,36.78,Konakovo,63.28,5.01
298,75,77,52.12,9.98,Marienburg,64.99,12.75
299,0,51,43.18,51.68,Kuryk,82.72,23.13
300,75,79,6.8,-58.16,Georgetown,86.14,16.11
301,100,69,-39.94,176.59,Waipawa,57.0,4.88
302,61,57,-14.88,47.99,Antsohihy,81.1,6.69
303,0,61,20.93,-17.03,Nouadhibou,78.8,18.34
304,0,39,48.3,-0.62,Mayenne,77.79,8.05
305,78,73,6.62,73.07,Kulhudhuffushi,84.16,6.02
306,20,35,42.87,1.37,Le Port,84.88,6.93
307,0,26,27.18,31.19,Asyut,104.0,10.29
308,90,100,60.79,-161.76,Bethel,54.97,3.36
309,20,58,39.49,-1.1,Requena,87.85,12.75
310,75,67,55.25,-7.27,Carndonagh,62.6,10.29
311,24,58,-12.05,134.23,Maningrida,64.9,9.4
312,40,57,69.22,-51.1,Ilulissat,51.8,4.7
313,40,64,45.32,37.1,Akhtanizovskaya,73.4,8.95
314,75,71,62.58,6.12,Roald,56.77,11.41
315,0,94,6.12,81.12,Hambantota,80.6,8.05
316,34,85,17.54,120.52,San Quintin,76.78,2.15
317,89,82,-2.57,150.8,Kavieng,82.0,12.75
318,75,93,64.84,-147.72,Fairbanks,59.76,2.46
319,0,22,-20.31,118.58,Port Hedland,66.2,9.17
320,0,10,-23.31,17.08,Rehoboth,75.52,10.56
321,100,80,-1.25,34.48,Sirari,69.58,6.33
322,1,63,65.58,-170.99,Lavrentiya,54.64,6.29
323,7,79,54.06,44.9,Tatarskaya Pishlya,67.6,6.42
324,17,71,-31.62,-60.7,Santa Fe,59.4,3.0
325,75,56,3.52,39.05,Moyale,77.32,10.0
326,100,80,11.72,122.09,Pandan,80.56,12.41
327,75,88,48.64,13.53,Wanning,61.92,14.99
328,91,85,-30.17,-50.22,Cidreira,65.62,6.85
329,41,29,-6.72,32.06,Inyonga,82.72,5.01
330,20,51,41.28,-72.53,Clinton,80.35,5.82
331,75,56,-20.01,57.66,Grand Gaube,70.48,6.93
332,40,9,18.39,42.45,Faya,86.94,14.99
333,100,90,50.38,103.29,Zakamensk,56.08,2.46
334,0,89,20.01,110.35,Qiongshan,84.2,6.71
335,0,83,-17.57,-149.87,Haapiti,73.18,5.82
336,0,46,-9.25,33.38,Ilembo,71.56,8.95
337,20,19,-8.42,20.74,Lucapa,90.1,3.11
338,95,69,9.0,-71.91,San Carlos del Zulia,84.7,5.37
339,100,31,37.93,102.64,Wuwei,71.56,8.57
340,95,71,63.05,179.32,Beringovskiy,61.66,2.3
341,0,82,-16.99,145.42,Mareeba,59.29,2.24
342,75,83,-0.9,-89.6,Puerto Baquerizo Moreno,73.4,14.99
343,0,64,-22.95,14.51,Walvis Bay,59.92,6.93
344,97,56,41.67,-3.69,Aranda de Duero,72.46,14.25
345,75,100,14.29,120.72,Ternate,77.65,3.36
346,0,34,-13.23,30.22,Serenje,66.52,7.99
347,40,38,13.1,2.36,Say,93.2,9.17
348,0,62,37.63,-1.0,Cartagena,91.13,9.17
349,49,78,7.37,12.65,Tignere,78.04,5.06
350,2,61,-17.73,-39.27,Caravelas,77.68,5.03
351,0,69,56.17,107.45,Magistralnyy,56.08,0.43
352,100,87,6.75,-11.37,Robertsport,77.68,15.17
353,20,33,9.49,50.81,Bandarbeyla,92.44,20.6
354,20,37,44.59,11.05,Castelfranco Emilia,81.86,3.36
355,1,57,40.49,-86.13,Kokomo,82.51,10.29
356,1,29,-20.24,-56.38,Miranda,86.68,4.21
357,75,87,63.84,-22.43,Grindavik,56.46,12.75
358,40,69,-3.98,-38.73,Papara,82.42,17.22
359,0,71,54.23,-125.76,Burns Lake,54.28,3.02
360,94,97,-2.08,101.38,Sungaipenuh,74.8,1.45
361,98,82,24.34,124.16,Ishigaki,84.88,23.24
362,40,62,33.33,-83.39,Eatonton,85.23,5.82
363,97,44,61.01,62.0,Pelym,83.08,12.41
364,75,52,47.41,9.74,Dornbirn,66.78,2.24
365,20,94,-9.43,159.96,Honiara,75.2,4.92
366,0,26,13.6,26.69,Umm Kaddadah,93.34,4.34
367,0,79,-7.95,110.28,Bambanglipuro,75.52,16.67
368,0,49,-34.58,150.85,Flinders,47.93,8.05
369,62,59,54.43,-124.25,Fort Saint James,58.96,2.06
370,99,70,11.75,-13.2,Gaoual,85.6,1.95
371,75,52,51.89,-8.4,Mahon,69.8,5.82
372,100,59,-22.35,-60.04,Filadelfia,74.8,3.74
373,90,82,63.94,-21.0,Selfoss,57.36,13.87
374,50,79,4.98,8.34,Calabar,81.64,6.49
375,75,64,41.14,-73.36,Westport,79.12,3.36
376,0,67,1.74,98.78,Sibolga,83.98,1.45
377,32,44,34.16,77.58,Leh,48.34,2.71
378,0,10,36.67,48.48,Zanjan,89.6,6.93
379,82,89,7.35,80.68,Wattegama,74.98,2.28
380,75,66,-5.2,-35.46,Touros,84.2,12.75
381,0,33,-19.77,-43.85,Santa Luzia,78.4,3.36
382,85,68,54.57,-2.89,Sandwick,67.26,10.29
383,40,69,-3.73,-38.66,Caucaia,82.44,17.22
384,64,70,5.66,-67.63,Puerto Ayacucho,84.2,3.4
385,96,51,66.83,70.83,Yar-Sale,65.08,2.06
386,100,83,60.75,-137.51,Haines Junction,46.36,3.29
387,100,49,-43.3,-65.11,Rawson,50.5,18.84
388,100,84,21.64,69.61,Porbandar,82.72,20.98
389,1,40,29.56,-104.41,Ojinaga,86.0,4.7
390,90,93,36.62,-121.92,Pacific Grove,58.73,11.45
391,2,77,-0.6,73.08,Hithadhoo,84.52,13.18
392,0,43,-29.95,-71.34,Coquimbo,55.4,2.24
393,75,78,0.61,-80.02,Muisne,80.6,9.17
394,70,52,-25.41,-70.49,Taltal,62.38,5.84
395,46,78,8.67,15.38,Beinamar,82.0,3.51
396,100,84,51.49,95.55,Saryg-Sep,58.78,4.07
397,20,73,45.63,-73.98,Saint-Augustin,76.37,13.87
398,20,58,68.36,-133.71,Inuvik,56.43,6.4
399,0,66,43.56,6.97,Saint-Joseph,84.81,5.82
400,20,83,26.12,127.67,Itoman,82.71,17.22
401,100,52,50.14,48.57,Aleksandrov Gay,74.62,7.0
402,100,83,70.86,29.09,Berlevag,44.56,7.29
403,72,76,0.53,72.93,Thinadhoo,84.52,10.87
404,64,51,-26.53,153.09,Coolum Beach,52.72,1.99
405,90,93,58.81,-122.69,Fort Nelson,53.6,4.7
406,0,63,65.83,31.17,Pyaozerskiy,52.3,9.06
407,100,84,7.44,5.46,Emure,76.6,5.5
408,1,73,46.41,-105.84,Miles City,71.6,5.82
409,74,76,2.04,45.34,Mogadishu,78.76,18.12
410,0,77,45.37,126.3,Shuangcheng,69.8,2.24
411,40,70,26.63,-78.28,High Rock,89.6,12.75
412,98,67,57.91,26.05,Soe,60.26,6.93
413,40,78,43.2,-8.36,Beira,69.08,5.82
414,80,33,-13.47,-72.15,Anta,59.0,5.82
415,93,79,-33.69,-53.46,Chuy,55.36,10.42
416,20,52,55.75,38.0,Zheleznodorozhnyy,63.32,2.24
417,100,86,64.27,100.22,Tura,58.6,1.66
418,90,94,35.74,139.53,Nishihara,72.72,12.75
419,97,70,22.98,-80.59,Corralillo,85.24,11.56
420,29,27,16.28,-0.04,Gao,100.72,13.53
421,2,82,-16.92,145.77,Cairns,59.18,3.36
422,100,90,-9.07,143.21,Daru,72.82,8.08
423,100,36,13.79,-15.05,Nioro,95.86,5.82
424,20,65,38.73,-27.07,Praia da Vitoria,78.19,12.84
425,95,74,9.27,-3.0,Bouna,78.04,6.67
426,0,16,47.8,67.71,Zhezkazgan,93.2,11.18
427,40,70,16.17,-88.94,Laguna,87.8,6.93
428,90,88,34.92,133.05,Shobara,71.6,1.81
429,90,79,36.3,-76.22,Elizabeth City,86.65,4.09
430,90,74,15.86,-97.07,Puerto Escondido,78.8,8.05
431,20,87,-34.04,23.05,Knysna,59.0,4.7
432,100,96,18.34,100.32,Rong Kwang,74.08,3.18
433,0,13,36.21,58.79,Neyshabur,89.02,17.85
434,100,87,56.01,53.71,Karakulino,66.88,6.11
435,100,65,38.52,102.19,Jinchang,60.4,20.29
436,0,43,-22.22,-54.81,Dourados,78.04,8.86
437,0,83,-23.35,47.6,Vangaindrano,61.84,2.48
438,92,71,-20.65,166.53,Fayaoue,73.54,8.05
439,40,74,21.39,-158.15,Nanakuli,76.01,5.82
440,2,30,14.25,-5.99,Niono,98.02,5.39
441,75,54,40.95,48.07,Ä°stisu,84.2,5.82
442,64,78,9.23,-78.02,Ailigandi,82.0,9.15
443,100,95,-45.41,167.72,Te Anau,44.92,9.17
444,20,37,28.58,77.04,Dwarka,98.29,6.93
445,20,60,48.03,40.04,Almaznyy,68.0,3.89
446,0,67,18.56,-74.26,Moron,83.62,5.55
447,40,88,42.55,12.42,Amelia,72.39,8.77
448,75,67,47.73,-53.24,Carbonear,60.66,8.05
449,100,54,60.87,60.43,Polunochnoye,78.76,12.06
450,40,74,21.35,-158.09,Makakilo City,76.01,5.82
451,75,72,52.47,1.45,Broome,68.09,8.05
452,90,93,54.32,-130.32,Prince Rupert,59.0,3.36
453,0,65,-12.38,16.94,Kuito,77.0,8.05
454,19,93,30.1,115.95,Huangmei,72.82,3.67
455,75,63,49.72,-86.95,Geraldton,62.6,12.75
456,0,45,-17.84,-40.35,Nanuque,78.4,4.32
457,75,67,47.58,-53.28,Bay Roberts,60.85,8.05
458,0,53,52.04,76.93,Aksu,73.4,11.18
459,0,12,-24.66,25.91,Gaborone,75.2,9.17
460,75,66,6.41,-58.62,Bartica,87.8,9.17
461,75,77,-24.93,-65.37,Humaita,61.84,4.7
462,64,65,43.74,-81.71,Goderich,75.65,11.01
463,100,77,-6.22,155.63,Kieta,80.2,5.41
464,0,77,26.0,63.05,Turbat,81.46,14.41
465,20,15,37.08,41.07,Tall Kayf,95.36,16.11
466,100,99,-47.25,-72.57,Cochrane,33.22,2.44
467,53,87,53.97,121.97,Yerofey Pavlovich,61.48,4.43
468,0,75,59.56,150.8,Magadan,53.74,1.63
469,51,35,64.9,45.76,Leshukonskoye,67.24,2.01
470,34,71,54.11,102.18,Sayansk,57.7,3.78
471,90,93,50.03,-66.88,Port-Cartier,57.11,11.41
472,100,61,51.09,54.08,Chingirlau,81.46,9.66
473,0,13,18.9,-3.53,Araouane,110.08,13.96
474,10,64,22.57,59.53,Sur,85.78,20.07
475,0,57,-25.17,45.06,Beloha,67.24,11.14
476,100,46,5.65,37.37,Gidole,82.0,5.14
477,0,38,48.05,33.87,Sofiyivka,75.2,6.71
478,100,99,25.18,93.12,Mahur,73.36,3.98
479,20,68,45.33,14.3,Opatija,70.0,5.82
480,77,60,11.29,-10.71,Dinguiraye,86.68,2.33
481,52,45,37.02,111.92,Jiexiu,74.44,6.58
482,90,100,38.78,48.42,Lerik,68.13,2.24
483,90,88,-7.84,-79.15,Chicama,64.4,6.93
484,1,38,37.35,-108.58,Cortez,74.5,1.63
485,75,93,69.49,88.39,Talnakh,50.0,2.24
486,0,11,-14.38,23.24,Lukulu,82.36,2.93
487,100,67,-3.17,33.8,Sola,69.94,4.03
488,0,6,32.38,48.4,Dezful,108.82,25.52
489,90,87,63.59,-135.9,Mayo,57.2,2.24
490,30,42,12.65,0.49,Gayeri,91.9,9.75
491,1,100,37.57,126.98,Seoul,70.52,1.12
492,48,71,53.87,39.17,Shirokiy,63.46,4.65
493,65,73,-29.41,-66.86,La Rioja,51.22,4.25
494,59,47,-25.3,152.85,Hervey Bay,57.09,9.17
495,24,90,-1.57,9.26,Omboue,72.82,14.27
496,0,43,27.06,-101.55,San Buenaventura,83.08,0.25
497,0,30,47.7,-0.08,La Fleche,81.59,9.17
498,62,45,59.1,26.19,Vao,64.18,8.59
499,100,92,69.3,139.9,Deputatskiy,49.6,2.04
500,0,49,-33.3,-66.34,San Luis,57.52,4.54
501,95,43,-1.87,15.88,Gamboma,87.58,4.34
502,20,27,39.78,30.52,Eskisehir,74.14,9.17
503,20,66,10.15,-85.45,Nicoya,78.98,16.11
504,0,33,37.7,-5.28,Palma del Rio,86.11,12.75
505,0,45,-35.66,-63.75,General Pico,53.92,7.23
506,31,76,-9.11,124.89,Atambua,76.42,17.52
507,75,94,3.17,113.03,Bintulu,75.2,6.93
508,92,94,15.88,-61.31,Grand-Bourg,78.31,9.17
509,0,18,26.55,31.7,Sohag,105.8,20.8
510,0,60,-32.72,152.14,Nelson Bay,48.63,16.11
511,90,78,5.43,7.07,Naze,81.28,5.82
512,100,92,53.94,139.92,Mnogovershinnyy,48.52,2.17
513,62,60,47.83,88.13,Altay,54.28,5.23
514,75,81,-37.84,145.39,Olinda,42.21,9.17
515,75,59,53.26,-4.31,Llangefni,61.41,14.99
516,0,5,26.59,12.77,Awbari,108.46,9.69
517,0,89,29.7,-9.73,Tiznit,68.5,9.57
518,54,99,54.72,135.31,Chumikan,48.34,2.33
519,2,88,-4.94,122.53,Katobu,70.84,4.68
520,1,33,-14.25,129.55,Port Keats,71.2,14.07
521,60,58,50.74,33.96,Chervona Sloboda,67.96,5.53
522,100,66,49.08,-117.8,Rossland,68.47,1.43
523,90,93,58.28,-134.39,Douglas,56.84,0.89
524,100,92,65.42,-52.9,Maniitsoq,42.76,14.47
525,0,57,-5.23,-75.68,Lagunas,86.32,1.83
526,2,71,-2.67,141.3,Vanimo,82.9,5.3
527,0,79,-8.35,113.61,Ambulu,74.26,11.23
528,83,90,18.62,-100.35,Coahuayana,74.26,0.83
529,75,82,66.42,112.4,Udachnyy,60.8,4.47
530,70,82,3.25,19.78,Gemena,81.46,0.49
531,91,91,51.54,92.92,Shagonar,59.68,2.33
532,72,67,54.91,99.03,Nizhneudinsk,56.44,2.46
533,7,29,-18.68,-49.57,Capinopolis,87.04,7.63
534,99,59,16.89,42.56,Jizan,95.0,16.11
535,52,57,11.5,-3.52,Hounde,86.5,11.39
536,20,78,-10.16,123.6,Kupang,75.2,13.87
537,55,94,-19.06,-169.92,Alofi,69.8,12.75
538,100,94,63.74,34.31,Segezha,47.44,6.58
539,100,89,60.37,93.04,Severo-Yeniseyskiy,61.48,10.51
540,99,55,-3.38,-57.72,Maues,88.3,5.17
541,1,54,38.09,-102.62,Lamar,82.2,9.17
542,99,73,16.48,76.32,Talikota,80.2,15.39
543,20,83,-12.97,40.52,Pemba,77.0,12.75
544,20,39,11.86,3.39,Malanville,93.7,10.49
545,97,70,8.67,-73.82,Regidor,82.36,4.03
546,0,82,53.6,91.39,Belyy Yar,66.2,2.24
